Workbook

Sheet historical_summary
A2: year | B2: native | C2: non_native | D2: top_native | E2: top_nn | F2: scrub_native | G2: scrub_nn
A3: 2010 | B3: =COUNTIFS('2010-2022_team_coaches_records'!$A:$A,$A3,'2010-2022_team_coaches_records'!$E:$E,"Yes") -> 20 | C3: =COUNTIFS('2010-2022_team_coaches_records'!$A:$A,$A3,'2010-2022_team_coaches_records'!$E:$E,"No") -> 12 | D3: =COUNTIFS('2010-2022_team_coaches_records'!$A:$A,$A3,'2010-2022_team_coaches_records'!$E:$E,"Yes",'2010-2022_team_coaches_records'!$M:$M,"Yes") -> 14 | E3: =COUNTIFS('2010-2022_team_coaches_records'!$A:$A,$A3,'2010-2022_team_coaches_records'!$E:$E,"Yes",'2010-2022_team_coaches_records'!$M:$M,"No") -> 6 | F3: =B3-D3 -> 6 | G3: =C3-E3 -> 6
A4: 2014 | B4: =COUNTIFS('2010-2022_team_coaches_records'!$A:$A,$A4,'2010-2022_team_coaches_records'!$E:$E,"Yes") -> 18 | C4: =COUNTIFS('2010-2022_team_coaches_records'!$A:$A,$A4,'2010-2022_team_coaches_records'!$E:$E,"No") -> 14 | D4: =COUNTIFS('2010-2022_team_coaches_records'!$A:$A,$A4,'2010-2022_team_coaches_records'!$E:$E,"Yes",'2010-2022_team_coaches_records'!$M:$M,"Yes") -> 15 | E4: =COUNTIFS('2010-2022_team_coaches_records'!$A:$A,$A4,'2010-2022_team_coaches_records'!$E:$E,"Yes",'2010-2022_team_coaches_records'!$M:$M,"No") -> 3 | F4: =B4-D4 -> 3 | G4: =C4-E4 -> 11
A5: 2018 | B5: =COUNTIFS('2010-2022_team_coaches_records'!$A:$A,$A5,'2010-2022_team_coaches_records'!$E:$E,"Yes") -> 19 | C5: =COUNTIFS('2010-2022_team_coaches_records'!$A:$A,$A5,'2010-2022_team_coaches_records'!$E:$E,"No") -> 13 | D5: =COUNTIFS('2010-2022_team_coaches_records'!$A:$A,$A5,'2010-2022_team_coaches_records'!$E:$E,"Yes",'2010-2022_team_coaches_records'!$M:$M,"Yes") -> 14 | E5: =COUNTIFS('2010-2022_team_coaches_records'!$A:$A,$A5,'2010-2022_team_coaches_records'!$E:$E,"Yes",'2010-2022_team_coaches_records'!$M:$M,"No") -> 5 | F5: =B5-D5 -> 5 | G5: =C5-E5 -> 8
A6: 2022 | B6: =COUNTIFS('2010-2022_team_coaches_records'!$A:$A,$A6,'2010-2022_team_coaches_records'!$E:$E,"Yes") -> 23 | C6: =COUNTIFS('2010-2022_team_coaches_records'!$A:$A,$A6,'2010-2022_team_coaches_records'!$E:$E,"No") -> 9 | D6: =COUNTIFS('2010-2022_team_coaches_records'!$A:$A,$A6,'2010-2022_team_coaches_records'!$E:$E,"Yes",'2010-2022_team_coaches_records'!$M:$M,"Yes") -> 17 | E6: =COUNTIFS('2010-2022_team_coaches_records'!$A:$A,$A6,'2010-2022_team_coaches_records'!$E:$E,"Yes",'2010-2022_team_coaches_records'!$M:$M,"No") -> 6 | F6: =B6-D6 -> 6 | G6: =C6-E6 -> 3
B7: =AVERAGE(B3:B6) -> 20 | C7: =AVERAGE(C3:C6) -> 12 | D7: =AVERAGE(D3:D6) -> 15 | E7: =AVERAGE(E3:E6) -> 5 | F7: =AVERAGE(F3:F6) -> 5 | G7: =AVERAGE(G3:G6) -> 7
A9: Average Points. Native vs. Non-Native Coach
A10: year | B10: native_pts_avg | C10: nn_pts_avg | D10: top_native_pts_avg | E10: top_nn_pts_avg | F10: scrub_native_pts_avg | G10: scrub_nn_pts_avg
A11: 2010 | B11: =((D11*D3)+(F11*F3))/(D3+F3) -> 4.45 | C11: =((E11*E3)+(G11*G3))/(E3+G3) -> 3.5625 | D11: =SUMIFS('2010-2022_team_coaches_records'!$L:$L,'2010-2022_team_coaches_records'!$A:$A,$A3,'2010-2022_team_coaches_records'!$E:$E,"Yes",'2010-2022_team_coaches_records'!$M:$M,"Yes")/COUNTIFS('2010-2022_team_coaches_records'!$A:$A,$A3,'2010-2022_team_coaches_records'!$E:$E,"Yes",'2010-2022_team_coaches_records'!$M:$M,"Yes") -> 5.2857143 | E11: =SUMIFS('2010-2022_team_coaches_records'!$L:$L,'2010-2022_team_coaches_records'!$A:$A,$A3,'2010-2022_team_coaches_records'!$E:$E,"No",'2010-2022_team_coaches_records'!$M:$M,"Yes")/COUNTIFS('2010-2022_team_coaches_records'!$A:$A,$A3,'2010-2022_team_coaches_records'!$E:$E,"No",'2010-2022_team_coaches_records'!$M:$M,"Yes") -> 4 | F11: =SUMIFS('2010-2022_team_coaches_records'!$L:$L,'2010-2022_team_coaches_records'!$A:$A,$A3,'2010-2022_team_coaches_records'!$E:$E,"Yes",'2010-2022_team_coaches_records'!$M:$M,"No")/COUNTIFS('2010-2022_team_coaches_records'!$A:$A,$A3,'2010-2022_team_coaches_records'!$E:$E,"Yes",'2010-2022_team_coaches_records'!$M:$M,"No") -> 2.5 | G11: =SUMIFS('2010-2022_team_coaches_records'!$L:$L,'2010-2022_team_coaches_records'!$A:$A,$A3,'2010-2022_team_coaches_records'!$E:$E,"No",'2010-2022_team_coaches_records'!$M:$M,"No")/COUNTIFS('2010-2022_team_coaches_records'!$A:$A,$A3,'2010-2022_team_coaches_records'!$E:$E,"No",'2010-2022_team_coaches_records'!$M:$M,"No") -> 3.125
A12: 2014 | B12: =((D12*D4)+(F12*F4))/(D4+F4) -> 4.6666667 | C12: =((E12*E4)+(G12*G4))/(E4+G4) -> 3.2968254 | D12: =SUMIFS('2010-2022_team_coaches_records'!$L:$L,'2010-2022_team_coaches_records'!$A:$A,$A4,'2010-2022_team_coaches_records'!$E:$E,"Yes",'2010-2022_team_coaches_records'!$M:$M,"Yes")/COUNTIFS('2010-2022_team_coaches_records'!$A:$A,$A4,'2010-2022_team_coaches_records'!$E:$E,"Yes",'2010-2022_team_coaches_records'!$M:$M,"Yes") -> 5.3333333 | E12: =SUMIFS('2010-2022_team_coaches_records'!$L:$L,'2010-2022_team_coaches_records'!$A:$A,$A4,'2010-2022_team_coaches_records'!$E:$E,"No",'2010-2022_team_coaches_records'!$M:$M,"Yes")/COUNTIFS('2010-2022_team_coaches_records'!$A:$A,$A4,'2010-2022_team_coaches_records'!$E:$E,"No",'2010-2022_team_coaches_records'!$M:$M,"Yes") -> 5.2 | F12: =SUMIFS('2010-2022_team_coaches_records'!$L:$L,'2010-2022_team_coaches_records'!$A:$A,$A4,'2010-2022_team_coaches_records'!$E:$E,"Yes",'2010-2022_team_coaches_records'!$M:$M,"No")/COUNTIFS('2010-2022_team_coaches_records'!$A:$A,$A4,'2010-2022_team_coaches_records'!$E:$E,"Yes",'2010-2022_team_coaches_records'!$M:$M,"No") -> 1.3333333 | G12: =SUMIFS('2010-2022_team_coaches_records'!$L:$L,'2010-2022_team_coaches_records'!$A:$A,$A4,'2010-2022_team_coaches_records'!$E:$E,"No",'2010-2022_team_coaches_records'!$M:$M,"No")/COUNTIFS('2010-2022_team_coaches_records'!$A:$A,$A4,'2010-2022_team_coaches_records'!$E:$E,"No",'2010-2022_team_coaches_records'!$M:$M,"No") -> 2.7777778
A13: 2018 | B13: =((D13*D5)+(F13*F5))/(D5+F5) -> 4.6842105 | C13: =((E13*E5)+(G13*G5))/(E5+G5) -> 3.0512821 | D13: =SUMIFS('2010-2022_team_coaches_records'!$L:$L,'2010-2022_team_coaches_records'!$A:$A,$A5,'2010-2022_team_coaches_records'!$E:$E,"Yes",'2010-2022_team_coaches_records'!$M:$M,"Yes")/COUNTIFS('2010-2022_team_coaches_records'!$A:$A,$A5,'2010-2022_team_coaches_records'!$E:$E,"Yes",'2010-2022_team_coaches_records'!$M:$M,"Yes") -> 5.3571429 | E13: =SUMIFS('2010-2022_team_coaches_records'!$L:$L,'2010-2022_team_coaches_records'!$A:$A,$A5,'2010-2022_team_coaches_records'!$E:$E,"No",'2010-2022_team_coaches_records'!$M:$M,"Yes")/COUNTIFS('2010-2022_team_coaches_records'!$A:$A,$A5,'2010-2022_team_coaches_records'!$E:$E,"No",'2010-2022_team_coaches_records'!$M:$M,"Yes") -> 5 | F13: =SUMIFS('2010-2022_team_coaches_records'!$L:$L,'2010-2022_team_coaches_records'!$A:$A,$A5,'2010-2022_team_coaches_records'!$E:$E,"Yes",'2010-2022_team_coaches_records'!$M:$M,"No")/COUNTIFS('2010-2022_team_coaches_records'!$A:$A,$A5,'2010-2022_team_coaches_records'!$E:$E,"Yes",'2010-2022_team_coaches_records'!$M:$M,"No") -> 2.8 | G13: =SUMIFS('2010-2022_team_coaches_records'!$L:$L,'2010-2022_team_coaches_records'!$A:$A,$A5,'2010-2022_team_coaches_records'!$E:$E,"No",'2010-2022_team_coaches_records'!$M:$M,"No")/COUNTIFS('2010-2022_team_coaches_records'!$A:$A,$A5,'2010-2022_team_coaches_records'!$E:$E,"No",'2010-2022_team_coaches_records'!$M:$M,"No") -> 1.8333333
A14: 2022 | B14: =((D14*D6)+(F14*F6))/(D6+F6) -> 4.7391304 | C14: =((E14*E6)+(G14*G6))/(E6+G6) -> 3.3888889 | D14: =SUMIFS('2010-2022_team_coaches_records'!$L:$L,'2010-2022_team_coaches_records'!$A:$A,$A6,'2010-2022_team_coaches_records'!$E:$E,"Yes",'2010-2022_team_coaches_records'!$M:$M,"Yes")/COUNTIFS('2010-2022_team_coaches_records'!$A:$A,$A6,'2010-2022_team_coaches_records'!$E:$E,"Yes",'2010-2022_team_coaches_records'!$M:$M,"Yes") -> 5.2941176 | E14: =SUMIFS('2010-2022_team_coaches_records'!$L:$L,'2010-2022_team_coaches_records'!$A:$A,$A6,'2010-2022_team_coaches_records'!$E:$E,"No",'2010-2022_team_coaches_records'!$M:$M,"Yes")/COUNTIFS('2010-2022_team_coaches_records'!$A:$A,$A6,'2010-2022_team_coaches_records'!$E:$E,"No",'2010-2022_team_coaches_records'!$M:$M,"Yes") -> 4 | F14: =SUMIFS('2010-2022_team_coaches_records'!$L:$L,'2010-2022_team_coaches_records'!$A:$A,$A6,'2010-2022_team_coaches_records'!$E:$E,"Yes",'2010-2022_team_coaches_records'!$M:$M,"No")/COUNTIFS('2010-2022_team_coaches_records'!$A:$A,$A6,'2010-2022_team_coaches_records'!$E:$E,"Yes",'2010-2022_team_coaches_records'!$M:$M,"No") -> 3.1666667 | G14: =SUMIFS('2010-2022_team_coaches_records'!$L:$L,'2010-2022_team_coaches_records'!$A:$A,$A6,'2010-2022_team_coaches_records'!$E:$E,"No",'2010-2022_team_coaches_records'!$M:$M,"No")/COUNTIFS('2010-2022_team_coaches_records'!$A:$A,$A6,'2010-2022_team_coaches_records'!$E:$E,"No",'2010-2022_team_coaches_records'!$M:$M,"No") -> 2.1666667
B15: =AVERAGE(B11:B14) -> 4.6350019 | C15: =AVERAGE(C11:C14) -> 3.3248741 | D15: =AVERAGE(D11:D14) -> 5.317577 | E15: =AVERAGE(E11:E14) -> 4.55 | F15: =AVERAGE(F11:F14) -> 2.45 | G15: =AVERAGE(G11:G14) -> 2.4756944
A18: Stages, Native vs. Non-Native Coach - Top Teams
A19: year | B19: native_group | C19: native_16 | D19: native_quarter | E19: native_semi | F19: native_runner | G19: native_winner | H19: nn_group | I19: nn_16 | J19: nn_quarter | K19: nn_semi | L19: nn_runner | M19: nn_winner
A20: 2010 | B20: =COUNTIFS('2010-2022_team_coaches_records'!$A:$A,$A20,'2010-2022_team_coaches_records'!$E:$E,"Yes",'2010-2022_team_coaches_records'!$H:$H,"Group stage",'2010-2022_team_coaches_records'!$M:$M,"Yes") -> 3 | C20: =COUNTIFS('2010-2022_team_coaches_records'!$A:$A,$A20,'2010-2022_team_coaches_records'!$E:$E,"Yes",'2010-2022_team_coaches_records'!$H:$H,"Round of 16",'2010-2022_team_coaches_records'!$M:$M,"Yes") -> 5 | D20: =COUNTIFS('2010-2022_team_coaches_records'!$A:$A,$A20,'2010-2022_team_coaches_records'!$E:$E,"Yes",'2010-2022_team_coaches_records'!$H:$H,"Quarter-finals",'2010-2022_team_coaches_records'!$M:$M,"Yes") -> 2 | E20: =COUNTIFS('2010-2022_team_coaches_records'!$A:$A,$A20,'2010-2022_team_coaches_records'!$E:$E,"Yes",'2010-2022_team_coaches_records'!$H:$H,"Semi-finals",'2010-2022_team_coaches_records'!$M:$M,"Yes") -> 2 | F20: =COUNTIFS('2010-2022_team_coaches_records'!$A:$A,$A20,'2010-2022_team_coaches_records'!$E:$E,"Yes",'2010-2022_team_coaches_records'!$H:$H,"Runners-up",'2010-2022_team_coaches_records'!$M:$M,"Yes") -> 1 | G20: =COUNTIFS('2010-2022_team_coaches_records'!$A:$A,$A20,'2010-2022_team_coaches_records'!$E:$E,"Yes",'2010-2022_team_coaches_records'!$H:$H,"Winners",'2010-2022_team_coaches_records'!$M:$M,"Yes") -> 1 | H20: =COUNTIFS('2010-2022_team_coaches_records'!$A:$A,$A20,'2010-2022_team_coaches_records'!$E:$E,"No",'2010-2022_team_coaches_records'!$H:$H,"Group stage",'2010-2022_team_coaches_records'!$M:$M,"Yes") -> 2 | I20: =COUNTIFS('2010-2022_team_coaches_records'!$A:$A,$A20,'2010-2022_team_coaches_records'!$E:$E,"No",'2010-2022_team_coaches_records'!$H:$H,"Round of 16",'2010-2022_team_coaches_records'!$M:$M,"Yes") -> 2 | J20: =COUNTIFS('2010-2022_team_coaches_records'!$A:$A,$A20,'2010-2022_team_coaches_records'!$E:$E,"No",'2010-2022_team_coaches_records'!$H:$H,"Quarter-finals",'2010-2022_team_coaches_records'!$M:$M,"Yes") -> 0 | K20: =COUNTIFS('2010-2022_team_coaches_records'!$A:$A,$A20,'2010-2022_team_coaches_records'!$E:$E,"No",'2010-2022_team_coaches_records'!$H:$H,"Semi-finals",'2010-2022_team_coaches_records'!$M:$M,"Yes") -> 0 | L20: =COUNTIFS('2010-2022_team_coaches_records'!$A:$A,$A20,'2010-2022_team_coaches_records'!$E:$E,"No",'2010-2022_team_coaches_records'!$H:$H,"Runners-up",'2010-2022_team_coaches_records'!$M:$M,"Yes") -> 0 | M20: =COUNTIFS('2010-2022_team_coaches_records'!$A:$A,$A20,'2010-2022_team_coaches_records'!$E:$E,"No",'2010-2022_team_coaches_records'!$H:$H,"Winners",'2010-2022_team_coaches_records'!$M:$M,"Yes") -> 0
A21: 2014 | B21: =COUNTIFS('2010-2022_team_coaches_records'!$A:$A,$A21,'2010-2022_team_coaches_records'!$E:$E,"Yes",'2010-2022_team_coaches_records'!$H:$H,"Group stage",'2010-2022_team_coaches_records'!$M:$M,"Yes") -> 6 | C21: =COUNTIFS('2010-2022_team_coaches_records'!$A:$A,$A21,'2010-2022_team_coaches_records'!$E:$E,"Yes",'2010-2022_team_coaches_records'!$H:$H,"Round of 16",'2010-2022_team_coaches_records'!$M:$M,"Yes") -> 3 | D21: =COUNTIFS('2010-2022_team_coaches_records'!$A:$A,$A21,'2010-2022_team_coaches_records'!$E:$E,"Yes",'2010-2022_team_coaches_records'!$H:$H,"Quarter-finals",'2010-2022_team_coaches_records'!$M:$M,"Yes") -> 2 | E21: =COUNTIFS('2010-2022_team_coaches_records'!$A:$A,$A21,'2010-2022_team_coaches_records'!$E:$E,"Yes",'2010-2022_team_coaches_records'!$H:$H,"Semi-finals",'2010-2022_team_coaches_records'!$M:$M,"Yes") -> 2 | F21: =COUNTIFS('2010-2022_team_coaches_records'!$A:$A,$A21,'2010-2022_team_coaches_records'!$E:$E,"Yes",'2010-2022_team_coaches_records'!$H:$H,"Runners-up",'2010-2022_team_coaches_records'!$M:$M,"Yes") -> 1 | G21: =COUNTIFS('2010-2022_team_coaches_records'!$A:$A,$A21,'2010-2022_team_coaches_records'!$E:$E,"Yes",'2010-2022_team_coaches_records'!$H:$H,"Winners",'2010-2022_team_coaches_records'!$M:$M,"Yes") -> 1 | H21: =COUNTIFS('2010-2022_team_coaches_records'!$A:$A,$A21,'2010-2022_team_coaches_records'!$E:$E,"No",'2010-2022_team_coaches_records'!$H:$H,"Group stage",'2010-2022_team_coaches_records'!$M:$M,"Yes") -> 1 | I21: =COUNTIFS('2010-2022_team_coaches_records'!$A:$A,$A21,'2010-2022_team_coaches_records'!$E:$E,"No",'2010-2022_team_coaches_records'!$H:$H,"Round of 16",'2010-2022_team_coaches_records'!$M:$M,"Yes") -> 3 | J21: =COUNTIFS('2010-2022_team_coaches_records'!$A:$A,$A21,'2010-2022_team_coaches_records'!$E:$E,"No",'2010-2022_team_coaches_records'!$H:$H,"Quarter-finals",'2010-2022_team_coaches_records'!$M:$M,"Yes") -> 1 | K21: =COUNTIFS('2010-2022_team_coaches_records'!$A:$A,$A21,'2010-2022_team_coaches_records'!$E:$E,"No",'2010-2022_team_coaches_records'!$H:$H,"Semi-finals",'2010-2022_team_coaches_records'!$M:$M,"Yes") -> 0 | L21: =COUNTIFS('2010-2022_team_coaches_records'!$A:$A,$A21,'2010-2022_team_coaches_records'!$E:$E,"No",'2010-2022_team_coaches_records'!$H:$H,"Runners-up",'2010-2022_team_coaches_records'!$M:$M,"Yes") -> 0 | M21: =COUNTIFS('2010-2022_team_coaches_records'!$A:$A,$A21,'2010-2022_team_coaches_records'!$E:$E,"No",'2010-2022_team_coaches_records'!$H:$H,"Winners",'2010-2022_team_coaches_records'!$M:$M,"Yes") -> 0
A22: 2018 | B22: =COUNTIFS('2010-2022_team_coaches_records'!$A:$A,$A22,'2010-2022_team_coaches_records'!$E:$E,"Yes",'2010-2022_team_coaches_records'!$H:$H,"Group stage",'2010-2022_team_coaches_records'!$M:$M,"Yes") -> 4 | C22: =COUNTIFS('2010-2022_team_coaches_records'!$A:$A,$A22,'2010-2022_team_coaches_records'!$E:$E,"Yes",'2010-2022_team_coaches_records'!$H:$H,"Round of 16",'2010-2022_team_coaches_records'!$M:$M,"Yes") -> 4 | D22: =COUNTIFS('2010-2022_team_coaches_records'!$A:$A,$A22,'2010-2022_team_coaches_records'!$E:$E,"Yes",'2010-2022_team_coaches_records'!$H:$H,"Quarter-finals",'2010-2022_team_coaches_records'!$M:$M,"Yes") -> 3 | E22: =COUNTIFS('2010-2022_team_coaches_records'!$A:$A,$A22,'2010-2022_team_coaches_records'!$E:$E,"Yes",'2010-2022_team_coaches_records'!$H:$H,"Semi-finals",'2010-2022_team_coaches_records'!$M:$M,"Yes") -> 1 | F22: =COUNTIFS('2010-2022_team_coaches_records'!$A:$A,$A22,'2010-2022_team_coaches_records'!$E:$E,"Yes",'2010-2022_team_coaches_records'!$H:$H,"Runners-up",'2010-2022_team_coaches_records'!$M:$M,"Yes") -> 1 | G22: =COUNTIFS('2010-2022_team_coaches_records'!$A:$A,$A22,'2010-2022_team_coaches_records'!$E:$E,"Yes",'2010-2022_team_coaches_records'!$H:$H,"Winners",'2010-2022_team_coaches_records'!$M:$M,"Yes") -> 1 | H22: =COUNTIFS('2010-2022_team_coaches_records'!$A:$A,$A22,'2010-2022_team_coaches_records'!$E:$E,"No",'2010-2022_team_coaches_records'!$H:$H,"Group stage",'2010-2022_team_coaches_records'!$M:$M,"Yes") -> 2 | I22: =COUNTIFS('2010-2022_team_coaches_records'!$A:$A,$A22,'2010-2022_team_coaches_records'!$E:$E,"No",'2010-2022_team_coaches_records'!$H:$H,"Round of 16",'2010-2022_team_coaches_records'!$M:$M,"Yes") -> 4 | J22: =COUNTIFS('2010-2022_team_coaches_records'!$A:$A,$A22,'2010-2022_team_coaches_records'!$E:$E,"No",'2010-2022_team_coaches_records'!$H:$H,"Quarter-finals",'2010-2022_team_coaches_records'!$M:$M,"Yes") -> 0 | K22: =COUNTIFS('2010-2022_team_coaches_records'!$A:$A,$A22,'2010-2022_team_coaches_records'!$E:$E,"No",'2010-2022_team_coaches_records'!$H:$H,"Semi-finals",'2010-2022_team_coaches_records'!$M:$M,"Yes") -> 1 | L22: =COUNTIFS('2010-2022_team_coaches_records'!$A:$A,$A22,'2010-2022_team_coaches_records'!$E:$E,"No",'2010-2022_team_coaches_records'!$H:$H,"Runners-up",'2010-2022_team_coaches_records'!$M:$M,"Yes") -> 0 | M22: =COUNTIFS('2010-2022_team_coaches_records'!$A:$A,$A22,'2010-2022_team_coaches_records'!$E:$E,"No",'2010-2022_team_coaches_records'!$H:$H,"Winners",'2010-2022_team_coaches_records'!$M:$M,"Yes") -> 0
A23: 2022 | B23: =COUNTIFS('2010-2022_team_coaches_records'!$A:$A,$A23,'2010-2022_team_coaches_records'!$E:$E,"Yes",'2010-2022_team_coaches_records'!$H:$H,"Group stage",'2010-2022_team_coaches_records'!$M:$M,"Yes") -> 3 | C23: =COUNTIFS('2010-2022_team_coaches_records'!$A:$A,$A23,'2010-2022_team_coaches_records'!$E:$E,"Yes",'2010-2022_team_coaches_records'!$H:$H,"Round of 16",'2010-2022_team_coaches_records'!$M:$M,"Yes") -> 6 | D23: =COUNTIFS('2010-2022_team_coaches_records'!$A:$A,$A23,'2010-2022_team_coaches_records'!$E:$E,"Yes",'2010-2022_team_coaches_records'!$H:$H,"Quarter-finals",'2010-2022_team_coaches_records'!$M:$M,"Yes") -> 4 | E23: =COUNTIFS('2010-2022_team_coaches_records'!$A:$A,$A23,'2010-2022_team_coaches_records'!$E:$E,"Yes",'2010-2022_team_coaches_records'!$H:$H,"Semi-finals",'2010-2022_team_coaches_records'!$M:$M,"Yes") -> 2 | F23: =COUNTIFS('2010-2022_team_coaches_records'!$A:$A,$A23,'2010-2022_team_coaches_records'!$E:$E,"Yes",'2010-2022_team_coaches_records'!$H:$H,"Runners-up",'2010-2022_team_coaches_records'!$M:$M,"Yes") -> 1 | G23: =COUNTIFS('2010-2022_team_coaches_records'!$A:$A,$A23,'2010-2022_team_coaches_records'!$E:$E,"Yes",'2010-2022_team_coaches_records'!$H:$H,"Winners",'2010-2022_team_coaches_records'!$M:$M,"Yes") -> 1 | H23: =COUNTIFS('2010-2022_team_coaches_records'!$A:$A,$A23,'2010-2022_team_coaches_records'!$E:$E,"No",'2010-2022_team_coaches_records'!$H:$H,"Group stage",'2010-2022_team_coaches_records'!$M:$M,"Yes") -> 2 | I23: =COUNTIFS('2010-2022_team_coaches_records'!$A:$A,$A23,'2010-2022_team_coaches_records'!$E:$E,"No",'2010-2022_team_coaches_records'!$H:$H,"Round of 16",'2010-2022_team_coaches_records'!$M:$M,"Yes") -> 1 | J23: =COUNTIFS('2010-2022_team_coaches_records'!$A:$A,$A23,'2010-2022_team_coaches_records'!$E:$E,"No",'2010-2022_team_coaches_records'!$H:$H,"Quarter-finals",'2010-2022_team_coaches_records'!$M:$M,"Yes") -> 0 | K23: =COUNTIFS('2010-2022_team_coaches_records'!$A:$A,$A23,'2010-2022_team_coaches_records'!$E:$E,"No",'2010-2022_team_coaches_records'!$H:$H,"Semi-finals",'2010-2022_team_coaches_records'!$M:$M,"Yes") -> 0 | L23: =COUNTIFS('2010-2022_team_coaches_records'!$A:$A,$A23,'2010-2022_team_coaches_records'!$E:$E,"No",'2010-2022_team_coaches_records'!$H:$H,"Runners-up",'2010-2022_team_coaches_records'!$M:$M,"Yes") -> 0 | M23: =COUNTIFS('2010-2022_team_coaches_records'!$A:$A,$A23,'2010-2022_team_coaches_records'!$E:$E,"No",'2010-2022_team_coaches_records'!$H:$H,"Winners",'2010-2022_team_coaches_records'!$M:$M,"Yes") -> 0
A26: Stages, Native vs. Non-Native Coach - Scrubs
A27: year | B27: native_group | C27: native_16 | D27: native_quarter | E27: native_semi | F27: native_runner | G27: native_winner | H27: nn_group | I27: nn_16 | J27: nn_quarter | K27: nn_semi | L27: nn_runner | M27: nn_winner
A28: 2010 | B28: =COUNTIFS('2010-2022_team_coaches_records'!$A:$A,$A28,'2010-2022_team_coaches_records'!$E:$E,"Yes",'2010-2022_team_coaches_records'!$H:$H,"Group stage",'2010-2022_team_coaches_records'!$M:$M,"No") -> 5 | C28: =COUNTIFS('2010-2022_team_coaches_records'!$A:$A,$A28,'2010-2022_team_coaches_records'!$E:$E,"Yes",'2010-2022_team_coaches_records'!$H:$H,"Round of 16",'2010-2022_team_coaches_records'!$M:$M,"No") -> 1 | D28: =COUNTIFS('2010-2022_team_coaches_records'!$A:$A,$A28,'2010-2022_team_coaches_records'!$E:$E,"Yes",'2010-2022_team_coaches_records'!$H:$H,"Quarter-finals",'2010-2022_team_coaches_records'!$M:$M,"No") -> 0 | E28: =COUNTIFS('2010-2022_team_coaches_records'!$A:$A,$A28,'2010-2022_team_coaches_records'!$E:$E,"Yes",'2010-2022_team_coaches_records'!$H:$H,"Semi-finals",'2010-2022_team_coaches_records'!$M:$M,"No") -> 0 | F28: =COUNTIFS('2010-2022_team_coaches_records'!$A:$A,$A28,'2010-2022_team_coaches_records'!$E:$E,"Yes",'2010-2022_team_coaches_records'!$H:$H,"Runners-up",'2010-2022_team_coaches_records'!$M:$M,"No") -> 0 | G28: =COUNTIFS('2010-2022_team_coaches_records'!$A:$A,$A28,'2010-2022_team_coaches_records'!$E:$E,"Yes",'2010-2022_team_coaches_records'!$H:$H,"Winners",'2010-2022_team_coaches_records'!$M:$M,"No") -> 0 | H28: =COUNTIFS('2010-2022_team_coaches_records'!$A:$A,$A28,'2010-2022_team_coaches_records'!$E:$E,"No",'2010-2022_team_coaches_records'!$H:$H,"Group stage",'2010-2022_team_coaches_records'!$M:$M,"No") -> 6 | I28: =COUNTIFS('2010-2022_team_coaches_records'!$A:$A,$A28,'2010-2022_team_coaches_records'!$E:$E,"No",'2010-2022_team_coaches_records'!$H:$H,"Round of 16",'2010-2022_team_coaches_records'!$M:$M,"No") -> 0 | J28: =COUNTIFS('2010-2022_team_coaches_records'!$A:$A,$A28,'2010-2022_team_coaches_records'!$E:$E,"No",'2010-2022_team_coaches_records'!$H:$H,"Quarter-finals",'2010-2022_team_coaches_records'!$M:$M,"No") -> 2 | K28: =COUNTIFS('2010-2022_team_coaches_records'!$A:$A,$A28,'2010-2022_team_coaches_records'!$E:$E,"No",'2010-2022_team_coaches_records'!$H:$H,"Semi-finals",'2010-2022_team_coaches_records'!$M:$M,"No") -> 0 | L28: =COUNTIFS('2010-2022_team_coaches_records'!$A:$A,$A28,'2010-2022_team_coaches_records'!$E:$E,"No",'2010-2022_team_coaches_records'!$H:$H,"Runners-up",'2010-2022_team_coaches_records'!$M:$M,"No") -> 0 | M28: =COUNTIFS('2010-2022_team_coaches_records'!$A:$A,$A28,'2010-2022_team_coaches_records'!$E:$E,"No",'2010-2022_team_coaches_records'!$H:$H,"Winners",'2010-2022_team_coaches_records'!$M:$M,"No") -> 0
A29: 2014 | B29: =COUNTIFS('2010-2022_team_coaches_records'!$A:$A,$A29,'2010-2022_team_coaches_records'!$E:$E,"Yes",'2010-2022_team_coaches_records'!$H:$H,"Group stage",'2010-2022_team_coaches_records'!$M:$M,"No") -> 3 | C29: =COUNTIFS('2010-2022_team_coaches_records'!$A:$A,$A29,'2010-2022_team_coaches_records'!$E:$E,"Yes",'2010-2022_team_coaches_records'!$H:$H,"Round of 16",'2010-2022_team_coaches_records'!$M:$M,"No") -> 0 | D29: =COUNTIFS('2010-2022_team_coaches_records'!$A:$A,$A29,'2010-2022_team_coaches_records'!$E:$E,"Yes",'2010-2022_team_coaches_records'!$H:$H,"Quarter-finals",'2010-2022_team_coaches_records'!$M:$M,"No") -> 0 | E29: =COUNTIFS('2010-2022_team_coaches_records'!$A:$A,$A29,'2010-2022_team_coaches_records'!$E:$E,"Yes",'2010-2022_team_coaches_records'!$H:$H,"Semi-finals",'2010-2022_team_coaches_records'!$M:$M,"No") -> 0 | F29: =COUNTIFS('2010-2022_team_coaches_records'!$A:$A,$A29,'2010-2022_team_coaches_records'!$E:$E,"Yes",'2010-2022_team_coaches_records'!$H:$H,"Runners-up",'2010-2022_team_coaches_records'!$M:$M,"No") -> 0 | G29: =COUNTIFS('2010-2022_team_coaches_records'!$A:$A,$A29,'2010-2022_team_coaches_records'!$E:$E,"Yes",'2010-2022_team_coaches_records'!$H:$H,"Winners",'2010-2022_team_coaches_records'!$M:$M,"No") -> 0 | H29: =COUNTIFS('2010-2022_team_coaches_records'!$A:$A,$A29,'2010-2022_team_coaches_records'!$E:$E,"No",'2010-2022_team_coaches_records'!$H:$H,"Group stage",'2010-2022_team_coaches_records'!$M:$M,"No") -> 6 | I29: =COUNTIFS('2010-2022_team_coaches_records'!$A:$A,$A29,'2010-2022_team_coaches_records'!$E:$E,"No",'2010-2022_team_coaches_records'!$H:$H,"Round of 16",'2010-2022_team_coaches_records'!$M:$M,"No") -> 2 | J29: =COUNTIFS('2010-2022_team_coaches_records'!$A:$A,$A29,'2010-2022_team_coaches_records'!$E:$E,"No",'2010-2022_team_coaches_records'!$H:$H,"Quarter-finals",'2010-2022_team_coaches_records'!$M:$M,"No") -> 1 | K29: =COUNTIFS('2010-2022_team_coaches_records'!$A:$A,$A29,'2010-2022_team_coaches_records'!$E:$E,"No",'2010-2022_team_coaches_records'!$H:$H,"Semi-finals",'2010-2022_team_coaches_records'!$M:$M,"No") -> 0 | L29: =COUNTIFS('2010-2022_team_coaches_records'!$A:$A,$A29,'2010-2022_team_coaches_records'!$E:$E,"No",'2010-2022_team_coaches_records'!$H:$H,"Runners-up",'2010-2022_team_coaches_records'!$M:$M,"No") -> 0 | M29: =COUNTIFS('2010-2022_team_coaches_records'!$A:$A,$A29,'2010-2022_team_coaches_records'!$E:$E,"No",'2010-2022_team_coaches_records'!$H:$H,"Winners",'2010-2022_team_coaches_records'!$M:$M,"No") -> 0
A30: 2018 | B30: =COUNTIFS('2010-2022_team_coaches_records'!$A:$A,$A30,'2010-2022_team_coaches_records'!$E:$E,"Yes",'2010-2022_team_coaches_records'!$H:$H,"Group stage",'2010-2022_team_coaches_records'!$M:$M,"No") -> 4 | C30: =COUNTIFS('2010-2022_team_coaches_records'!$A:$A,$A30,'2010-2022_team_coaches_records'!$E:$E,"Yes",'2010-2022_team_coaches_records'!$H:$H,"Round of 16",'2010-2022_team_coaches_records'!$M:$M,"No") -> 0 | D30: =COUNTIFS('2010-2022_team_coaches_records'!$A:$A,$A30,'2010-2022_team_coaches_records'!$E:$E,"Yes",'2010-2022_team_coaches_records'!$H:$H,"Quarter-finals",'2010-2022_team_coaches_records'!$M:$M,"No") -> 1 | E30: =COUNTIFS('2010-2022_team_coaches_records'!$A:$A,$A30,'2010-2022_team_coaches_records'!$E:$E,"Yes",'2010-2022_team_coaches_records'!$H:$H,"Semi-finals",'2010-2022_team_coaches_records'!$M:$M,"No") -> 0 | F30: =COUNTIFS('2010-2022_team_coaches_records'!$A:$A,$A30,'2010-2022_team_coaches_records'!$E:$E,"Yes",'2010-2022_team_coaches_records'!$H:$H,"Runners-up",'2010-2022_team_coaches_records'!$M:$M,"No") -> 0 | G30: =COUNTIFS('2010-2022_team_coaches_records'!$A:$A,$A30,'2010-2022_team_coaches_records'!$E:$E,"Yes",'2010-2022_team_coaches_records'!$H:$H,"Winners",'2010-2022_team_coaches_records'!$M:$M,"No") -> 0 | H30: =COUNTIFS('2010-2022_team_coaches_records'!$A:$A,$A30,'2010-2022_team_coaches_records'!$E:$E,"No",'2010-2022_team_coaches_records'!$H:$H,"Group stage",'2010-2022_team_coaches_records'!$M:$M,"No") -> 6 | I30: =COUNTIFS('2010-2022_team_coaches_records'!$A:$A,$A30,'2010-2022_team_coaches_records'!$E:$E,"No",'2010-2022_team_coaches_records'!$H:$H,"Round of 16",'2010-2022_team_coaches_records'!$M:$M,"No") -> 0 | J30: =COUNTIFS('2010-2022_team_coaches_records'!$A:$A,$A30,'2010-2022_team_coaches_records'!$E:$E,"No",'2010-2022_team_coaches_records'!$H:$H,"Quarter-finals",'2010-2022_team_coaches_records'!$M:$M,"No") -> 0 | K30: =COUNTIFS('2010-2022_team_coaches_records'!$A:$A,$A30,'2010-2022_team_coaches_records'!$E:$E,"No",'2010-2022_team_coaches_records'!$H:$H,"Semi-finals",'2010-2022_team_coaches_records'!$M:$M,"No") -> 0 | L30: =COUNTIFS('2010-2022_team_coaches_records'!$A:$A,$A30,'2010-2022_team_coaches_records'!$E:$E,"No",'2010-2022_team_coaches_records'!$H:$H,"Runners-up",'2010-2022_team_coaches_records'!$M:$M,"No") -> 0 | M30: =COUNTIFS('2010-2022_team_coaches_records'!$A:$A,$A30,'2010-2022_team_coaches_records'!$E:$E,"No",'2010-2022_team_coaches_records'!$H:$H,"Winners",'2010-2022_team_coaches_records'!$M:$M,"No") -> 0
A31: 2022 | B31: =COUNTIFS('2010-2022_team_coaches_records'!$A:$A,$A31,'2010-2022_team_coaches_records'!$E:$E,"Yes",'2010-2022_team_coaches_records'!$H:$H,"Group stage",'2010-2022_team_coaches_records'!$M:$M,"No") -> 5 | C31: =COUNTIFS('2010-2022_team_coaches_records'!$A:$A,$A31,'2010-2022_team_coaches_records'!$E:$E,"Yes",'2010-2022_team_coaches_records'!$H:$H,"Round of 16",'2010-2022_team_coaches_records'!$M:$M,"No") -> 1 | D31: =COUNTIFS('2010-2022_team_coaches_records'!$A:$A,$A31,'2010-2022_team_coaches_records'!$E:$E,"Yes",'2010-2022_team_coaches_records'!$H:$H,"Quarter-finals",'2010-2022_team_coaches_records'!$M:$M,"No") -> 0 | E31: =COUNTIFS('2010-2022_team_coaches_records'!$A:$A,$A31,'2010-2022_team_coaches_records'!$E:$E,"Yes",'2010-2022_team_coaches_records'!$H:$H,"Semi-finals",'2010-2022_team_coaches_records'!$M:$M,"No") -> 0 | F31: =COUNTIFS('2010-2022_team_coaches_records'!$A:$A,$A31,'2010-2022_team_coaches_records'!$E:$E,"Yes",'2010-2022_team_coaches_records'!$H:$H,"Runners-up",'2010-2022_team_coaches_records'!$M:$M,"No") -> 0 | G31: =COUNTIFS('2010-2022_team_coaches_records'!$A:$A,$A31,'2010-2022_team_coaches_records'!$E:$E,"Yes",'2010-2022_team_coaches_records'!$H:$H,"Winners",'2010-2022_team_coaches_records'!$M:$M,"No") -> 0 | H31: =COUNTIFS('2010-2022_team_coaches_records'!$A:$A,$A31,'2010-2022_team_coaches_records'!$E:$E,"No",'2010-2022_team_coaches_records'!$H:$H,"Group stage",'2010-2022_team_coaches_records'!$M:$M,"No") -> 6 | I31: =COUNTIFS('2010-2022_team_coaches_records'!$A:$A,$A31,'2010-2022_team_coaches_records'!$E:$E,"No",'2010-2022_team_coaches_records'!$H:$H,"Round of 16",'2010-2022_team_coaches_records'!$M:$M,"No") -> 0 | J31: =COUNTIFS('2010-2022_team_coaches_records'!$A:$A,$A31,'2010-2022_team_coaches_records'!$E:$E,"No",'2010-2022_team_coaches_records'!$H:$H,"Quarter-finals",'2010-2022_team_coaches_records'!$M:$M,"No") -> 0 | K31: =COUNTIFS('2010-2022_team_coaches_records'!$A:$A,$A31,'2010-2022_team_coaches_records'!$E:$E,"No",'2010-2022_team_coaches_records'!$H:$H,"Semi-finals",'2010-2022_team_coaches_records'!$M:$M,"No") -> 0 | L31: =COUNTIFS('2010-2022_team_coaches_records'!$A:$A,$A31,'2010-2022_team_coaches_records'!$E:$E,"No",'2010-2022_team_coaches_records'!$H:$H,"Runners-up",'2010-2022_team_coaches_records'!$M:$M,"No") -> 0 | M31: =COUNTIFS('2010-2022_team_coaches_records'!$A:$A,$A31,'2010-2022_team_coaches_records'!$E:$E,"No",'2010-2022_team_coaches_records'!$H:$H,"Winners",'2010-2022_team_coaches_records'!$M:$M,"No") -> 0
A34: Stages as scored, Native vs. Non-Native Coach
A35: year | B35: native | C35: non-native | D35: top_native_avg | E35: top_nn_avg | F35: scrubs_native_avg | G35: scrubs_nn_avg
A36: 2010 | B36: =((D36*D3)+(F36*F3))/(D3+F3) -> 1.25 | C36: =((E36*E3)+(G36*G3))/(E3+G3) -> 0.5 | D36: =((C20*1)+(D20*2)+(E20*3)+(F20*4)+(G20*5))/D3 -> 1.7142857 | E36: =((I20*1)+(J20*2)+(K20*3)+(L20*4)+(M20*5))/E3 -> 0.33333333 | F36: =((C28*1)+(D28*2)+(E28*3)+(F28*4)+(G28*5))/F3 -> 0.16666667 | G36: =((I28*1)+(J28*2)+(K28*3)+(L28*4)+(M28*5))/G3 -> 0.66666667
A37: 2014 | B37: =((D37*D4)+(F37*F4))/(D4+F4) -> 1.2222222 | C37: =((E37*E4)+(G37*G4))/(E4+G4) -> 0.64285714 | D37: =((C21*1)+(D21*2)+(E21*3)+(F21*4)+(G21*5))/D4 -> 1.4666667 | E37: =((I21*1)+(J21*2)+(K21*3)+(L21*4)+(M21*5))/E4 -> 1.6666667 | F37: =((C29*1)+(D29*2)+(E29*3)+(F29*4)+(G29*5))/F4 -> 0 | G37: =((I29*1)+(J29*2)+(K29*3)+(L29*4)+(M29*5))/G4 -> 0.36363636
A38: 2018 | B38: =((D38*D5)+(F38*F5))/(D5+F5) -> 1.2631579 | C38: =((E38*E5)+(G38*G5))/(E5+G5) -> 0.53846154 | D38: =((C22*1)+(D22*2)+(E22*3)+(F22*4)+(G22*5))/D5 -> 1.5714286 | E38: =((I22*1)+(J22*2)+(K22*3)+(L22*4)+(M22*5))/E5 -> 1.4 | F38: =((C30*1)+(D30*2)+(E30*3)+(F30*4)+(G30*5))/F5 -> 0.4 | G38: =((I30*1)+(J30*2)+(K30*3)+(L30*4)+(M30*5))/G5 -> 0
A39: 2022 | B39: =((D39*D6)+(F39*F6))/(D6+F6) -> 1.3043478 | C39: =((E39*E6)+(G39*G6))/(E6+G6) -> 0.11111111 | D39: =((C23*1)+(D23*2)+(E23*3)+(F23*4)+(G23*5))/D6 -> 1.7058824 | E39: =((I23*1)+(J23*2)+(K23*3)+(L23*4)+(M23*5))/E6 -> 0.16666667 | F39: =((C31*1)+(D31*2)+(E31*3)+(F31*4)+(G31*5))/F6 -> 0.16666667 | G39: =((I31*1)+(J31*2)+(K31*3)+(L31*4)+(M31*5))/G6 -> 0
A42: Stages as %age - Top Teams
B43: Group Stage | C43: Round of 16 | D43: Quarter Finals | E43: Semi Finals | F43: Runners Up | G43: Winners
A44: Native | B44: =(SUM(B20:B23)/SUM($D$3:$D$6))*100 -> 26.666667 | C44: =(SUM(C20:C23)/SUM($D$3:$D$6))*100 -> 30 | D44: =(SUM(D20:D23)/SUM($D$3:$D$6))*100 -> 18.333333 | E44: =(SUM(E20:E23)/SUM($D$3:$D$6))*100 -> 11.666667 | F44: =(SUM(F20:F23)/SUM($D$3:$D$6))*100 -> 6.6666667 | G44: =(SUM(G20:G23)/SUM($D$3:$D$6))*100 -> 6.6666667
A45: Non-Native | B45: =(SUM(H20:H23)/SUM($E$3:$E$6))*100 -> 35 | C45: =(SUM(I20:I23)/SUM($E$3:$E$6))*100 -> 50 | D45: =(SUM(J20:J23)/SUM($E$3:$E$6))*100 -> 5 | E45: =(SUM(K20:K23)/SUM($E$3:$E$6))*100 -> 5 | F45: =(SUM(L20:L23)/SUM($E$3:$E$6))*100 -> 0 | G45: =(SUM(M20:M23)/SUM($E$3:$E$6))*100 -> 0
A48: Stages as %age - Scrubs
B49: Group Stage | C49: Round of 16 | D49: Quarter Finals | E49: Semi Finals | F49: Runners Up | G49: Winners
A50: Native | B50: =(SUM(B28:B31)/SUM($F$3:$F$6))*100 -> 85 | C50: =(SUM(C28:C31)/SUM($F$3:$F$6))*100 -> 10 | D50: =(SUM(D28:D31)/SUM($F$3:$F$6))*100 -> 5 | E50: =(SUM(E28:E31)/SUM($F$3:$F$6))*100 -> 0 | F50: =(SUM(F28:F31)/SUM($F$3:$F$6))*100 -> 0 | G50: =(SUM(G28:G31)/SUM($F$3:$F$6))*100 -> 0
A51: Non-Native | B51: =(SUM(H28:H31)/SUM($G$3:$G$6))*100 -> 85.714286 | C51: =(SUM(I28:I31)/SUM($G$3:$G$6))*100 -> 7.1428571 | D51: =(SUM(J28:J31)/SUM($G$3:$G$6))*100 -> 10.714286 | E51: =(SUM(K28:K31)/SUM($G$3:$G$6))*100 -> 0 | F51: =(SUM(L28:L31)/SUM($G$3:$G$6))*100 -> 0 | G51: =(SUM(M28:M31)/SUM($G$3:$G$6))*100 -> 0

Sheet 2010-2022_team_coaches_records
A1: year | B1: team | C1: coach | D1: coach_nationality | E1: is_native_coach | F1: group | G1: group_record | H1: final_stage | I1: group_wins | J1: group_draws | K1: group_losses | L1: group_points | M1: top_team
A2: 2010 | B2: South Africa | C2: Carlos Alberto Parreira | D2: Brazil | E2: No | F2: Group A | G2: 1-1-1 | H2: Group stage | I2: 1 | J2: 1 | K2: 1 | L2: =(3*I2)+J2 -> 4 | M2: =IF(COUNTIF(historically_strong_teams!$A$1:$A$25, B2)>0,"Yes", "No") -> No
A3: 2010 | B3: Mexico | C3: Javier Aguirre | D3: Mexico | E3: Yes | F3: Group A | G3: 1-1-1 | H3: Round of 16 | I3: 1 | J3: 1 | K3: 1 | L3: =(3*I3)+J3 -> 4 | M3: =IF(COUNTIF(historically_strong_teams!$A$1:$A$25, B3)>0,"Yes", "No") -> Yes
A4: 2010 | B4: Uruguay | C4: Óscar Tabárez | D4: Uruguay | E4: Yes | F4: Group A | G4: 2-1-0 | H4: Semi-finals | I4: 2 | J4: 1 | K4: 0 | L4: =(3*I4)+J4 -> 7 | M4: =IF(COUNTIF(historically_strong_teams!$A$1:$A$25, B4)>0,"Yes", "No") -> Yes
A5: 2010 | B5: France | C5: Raymond Domenech | D5: France | E5: Yes | F5: Group A | G5: 0-1-2 | H5: Group stage | I5: 0 | J5: 1 | K5: 2 | L5: =(3*I5)+J5 -> 1 | M5: =IF(COUNTIF(historically_strong_teams!$A$1:$A$25, B5)>0,"Yes", "No") -> Yes
A6: 2010 | B6: Argentina | C6: Diego Maradona | D6: Argentina | E6: Yes | F6: Group B | G6: 3-0-0 | H6: Quarter-finals | I6: 3 | J6: 0 | K6: 0 | L6: =(3*I6)+J6 -> 9 | M6: =IF(COUNTIF(historically_strong_teams!$A$1:$A$25, B6)>0,"Yes", "No") -> Yes
A7: 2010 | B7: Nigeria | C7: Lars Lagerbäck | D7: Sweden | E7: No | F7: Group B | G7: 0-1-2 | H7: Group stage | I7: 0 | J7: 1 | K7: 2 | L7: =(3*I7)+J7 -> 1 | M7: =IF(COUNTIF(historically_strong_teams!$A$1:$A$25, B7)>0,"Yes", "No") -> Yes
A8: 2010 | B8: South Korea | C8: Huh Jung-moo | D8: South Korea | E8: Yes | F8: Group B | G8: 1-1-1 | H8: Round of 16 | I8: 1 | J8: 1 | K8: 1 | L8: =(3*I8)+J8 -> 4 | M8: =IF(COUNTIF(historically_strong_teams!$A$1:$A$25, B8)>0,"Yes", "No") -> Yes
A9: 2010 | B9: Greece | C9: Otto Rehhagel | D9: Germany | E9: No | F9: Group B | G9: 1-0-2 | H9: Group stage | I9: 1 | J9: 0 | K9: 2 | L9: =(3*I9)+J9 -> 3 | M9: =IF(COUNTIF(historically_strong_teams!$A$1:$A$25, B9)>0,"Yes", "No") -> No
A10: 2010 | B10: England | C10: Fabio Capello | D10: Italy | E10: No | F10: Group C | G10: 1-2-0 | H10: Round of 16 | I10: 1 | J10: 2 | K10: 0 | L10: =(3*I10)+J10 -> 5 | M10: =IF(COUNTIF(historically_strong_teams!$A$1:$A$25, B10)>0,"Yes", "No") -> Yes
A11: 2010 | B11: United States | C11: Bob Bradley | D11: United States | E11: Yes | F11: Group C | G11: 1-2-0 | H11: Round of 16 | I11: 1 | J11: 2 | K11: 0 | L11: =(3*I11)+J11 -> 5 | M11: =IF(COUNTIF(historically_strong_teams!$A$1:$A$25, B11)>0,"Yes", "No") -> Yes
A12: 2010 | B12: Algeria | C12: Rabah Saâdane | D12: Algeria | E12: Yes | F12: Group C | G12: 0-1-2 | H12: Group stage | I12: 0 | J12: 1 | K12: 2 | L12: =(3*I12)+J12 -> 1 | M12: =IF(COUNTIF(historically_strong_teams!$A$1:$A$25, B12)>0,"Yes", "No") -> No
A13: 2010 | B13: Slovenia | C13: Matjaž Kek | D13: Slovenia | E13: Yes | F13: Group C | G13: 1-1-1 | H13: Group stage | I13: 1 | J13: 1 | K13: 1 | L13: =(3*I13)+J13 -> 4 | M13: =IF(COUNTIF(historically_strong_teams!$A$1:$A$25, B13)>0,"Yes", "No") -> No
... A129: 2022 | B129: South Korea | C129: Paulo Bento | D129: Portugal | E129: No | F129: Group H | G129: 1-1-1 | H129: Round of 16 | I129: 1 | J129: 1 | K129: 1 | L129: =(3*I129)+J129 -> 4 | M129: =IF(COUNTIF(historically_strong_teams!$A$1:$A$25, B129)>0,"Yes", "No") -> Yes

Sheet 2026_team_coaches
A1: team | B1: confederation | C1: head_coach | D1: coach_nationality | E1: is_native | F1: top_team
A2: Algeria | B2: CAF | C2: Vladimir Petkoviƒá | D2: Switzerland | E2: No | F2: =IF(COUNTIF(historically_strong_teams!$A$1:$A$25, A2)>0,"Yes", "No") -> No
A3: Argentina | B3: CONMEBOL | C3: Lionel Scaloni | D3: Argentina | E3: Yes | F3: =IF(COUNTIF(historically_strong_teams!$A$1:$A$25, A3)>0,"Yes", "No") -> Yes
A4: Australia | B4: AFC | C4: Tony Popovic | D4: Australia | E4: Yes | F4: =IF(COUNTIF(historically_strong_teams!$A$1:$A$25, A4)>0,"Yes", "No") -> No
A5: Austria | B5: UEFA | C5: Ralf Rangnick | D5: Germany | E5: No | F5: =IF(COUNTIF(historically_strong_teams!$A$1:$A$25, A5)>0,"Yes", "No") -> No
A6: Belgium | B6: UEFA | C6: Rudi Garcia | D6: France | E6: No | F6: =IF(COUNTIF(historically_strong_teams!$A$1:$A$25, A6)>0,"Yes", "No") -> Yes
A7: Bosnia & Herzegovina | B7: UEFA | C7: Sergej Barbarez | D7: Bosnia & Herzegovina | E7: Yes | F7: =IF(COUNTIF(historically_strong_teams!$A$1:$A$25, A7)>0,"Yes", "No") -> No
A8: Brazil | B8: CONMEBOL | C8: Carlo Ancelotti | D8: Italy | E8: No | F8: =IF(COUNTIF(historically_strong_teams!$A$1:$A$25, A8)>0,"Yes", "No") -> Yes
A9: Canada | B9: CONCACAF | C9: Jesse Marsch | D9: United States | E9: No | F9: =IF(COUNTIF(historically_strong_teams!$A$1:$A$25, A9)>0,"Yes", "No") -> No
A10: Cape Verde | B10: CAF | C10: Bubista | D10: Cape Verde | E10: Yes | F10: =IF(COUNTIF(historically_strong_teams!$A$1:$A$25, A10)>0,"Yes", "No") -> No
A11: Colombia | B11: CONMEBOL | C11: Néstor Lorenzo | D11: Argentina | E11: No | F11: =IF(COUNTIF(historically_strong_teams!$A$1:$A$25, A11)>0,"Yes", "No") -> Yes
A12: Croatia | B12: UEFA | C12: Zlatko Dalić | D12: Croatia | E12: Yes | F12: =IF(COUNTIF(historically_strong_teams!$A$1:$A$25, A12)>0,"Yes", "No") -> Yes
A13: Curacao | B13: CONCACAF | C13: Fred Rutten | D13: Netherlands | E13: No | F13: =IF(COUNTIF(historically_strong_teams!$A$1:$A$25, A13)>0,"Yes", "No") -> No
... A49: Uzbekistan | B49: AFC | C49: Fabio Cannavaro | D49: Italy | E49: No | F49: =IF(COUNTIF(historically_strong_teams!$A$1:$A$25, A49)>0,"Yes", "No") -> No

Sheet historically_strong_teams
A1: Argentina
A2: Brazil
A3: France
A4: Germany
A5: Spain
A6: Italy
A7: Netherlands
A8: England
A9: Portugal
A10: Belgium
A11: Croatia
A12: Uruguay
... A25: Nigeria

Sheet stage_scoring
A1: Stage | B1: Points
A2: Group stage | B2: 0
A3: Round of 16 | B3: 1
A4: Quarter-finals | B4: 2
A5: Semi-finals | B5: 3
A6: Runners-up | B6: 4
A7: Winners | B7: 5
